id,gender,injection_structures,injection_volume,injection_x,injection_y,injection_z,product_id,specimen_name,strain,structure_abbrev,structure_id,structure_name,transgenic_line,transgenic_line_id,id,primary_injection_structure
272824561,M,"[104, 119, 583, 672, 952, 985]",0.224145502,3870,5130,7650,5,378-1869,C57BL/6J,CP,672,Caudoputamen,,,272824561,104
113400134,M,"[12, 128, 197, 214, 246, 591, 749, 795, 975, 549009211]",0.814091439,8460,4390,5640,5,378-1116,C57BL/6J,MRN,128,Midbrain reticular nucleus,,,113400134,12
117317884,M,"[131, 295, 329, 536, 672, 1022]",0.4047255744,6890,4550,8790,5,378-1193,C57BL/6J,CP,672,Caudoputamen,,,117317884,131
180073473,M,"[541, 1002, 1027]",0.0883098188,8470,2740,9750,5,378-1817,C57BL/6J,AUDpo,1027,Posterior auditory area,,,180073473,541
127710392,M,"[194, 491, 525, 830, 879, 886, 946, 980, 1004, 1126]",0.348138092225,7680,5950,5690,5,378-1442,C57BL/6J,PH,946,Posterior hypothalamic nucleus,,,127710392,194
307297141,M,"[385, 409]",0.6636360864,9230,1910,8430,5,C57BL/6-152922,C57BL/6J,VISp,385,Primary visual area,,,307297141,385
180917660,M,"[111, 378, 677, 1057]",1.2988013696,6370,4320,10280,5,378-1826,C57BL/6J,VISC,677,Visceral area,,,180917660,111
174360333,M,"[345, 353, 378, 677, 1057]",0.2231006848,4920,4350,9770,5,378-1766,C57BL/6J,SSs,378,Supplemental somatosensory area,,,174360333,345
100140949,M,"[879, 886]",0.1845043648,7450,810,6090,5,378-601,C57BL/6J,RSPv,886,"Retrosplenial area, ventral part",,,100140949,879
156978574,M,"[128, 271, 294, 580]",0.2196725272,9060,3500,7780,5,378-1596,C57BL/6J,MRN,128,Midbrain reticular nucleus,,,156978574,128
147790181,M,"[136, 395, 429, 852, 978, 1098, 1107]",0.0146907047,12290,6350,6740,5,378-1569,C57BL/6J,IRN,136,Intermediate reticular nucleus,,,147790181,136
100141454,M,"[39, 993]",0.0990279514,3310,2180,6270,5,378-695,C57BL/6J,MOs,993,Secondary motor area,,,100141454,39
126523791,M,"[215, 294, 502, 628, 706, 886, 1061, 484682470]",0.3590115536,7960,2400,6420,5,378-1282,C57BL/6J,SUB,502,Subiculum,,,126523791,215
146046430,M,"[64, 127, 155, 255, 362, 575, 629, 907, 1113]",0.1065251376,6270,3900,6470,5,378-1373,C57BL/6J,AV,255,Anteroventral nucleus of thalamus,,,146046430,64
272916202,M,"[385, 409, 425]",0.03133389035,9840,1970,9160,5,378-1888,C57BL/6J,VISpl,425,Posterolateral visual area,,,272916202,385
175106053,M,"[30, 38, 63, 88, 118, 181, 347, 515, 693, 797, 830, 1077, 560581559, 576073704]",0.83796889155,6350,5600,5640,5,378-1781,C57BL/6J,AHN,88,Anterior hypothalamic nucleus,,,175106053,30
147162027,M,[4],0.0508223737,10280,2000,7290,5,378-1538,C57BL/6J,IC,4,Inferior colliculus,,,147162027,4
126352037,M,"[128, 616, 795, 1052]",0.0187546422,9860,3760,6580,5,378-1281,C57BL/6J,MRN,128,Midbrain reticular nucleus,,,126352037,128
131068390,M,"[672, 961, 966]",0.2478796712,5890,6220,8840,5,378-1332,C57BL/6J,PIR,961,Piriform area,,,131068390,672
120812686,M,"[151, 159, 507, 723, 746]",0.2970130884,2170,3230,6680,5,378-1222,C57BL/6J,AOB,151,Accessory olfactory bulb,,,120812686,151
268415561,M,"[534, 616, 867, 1052]",0.3563852712,10240,3930,7240,5,378-1858,C57BL/6J,PB,867,Parabrachial nucleus,,,268415561,534
158840459,M,"[15, 64, 127, 149, 181, 189, 255, 362, 1113, 1120]",0.3723478248,6180,4750,6000,5,BL/6-3032,C57BL/6J,AM,127,Anteromedial nucleus,,,158840459,15
146012934,M,"[295, 319, 403, 536, 639, 1105]",0.39240376,6450,6220,8540,5,378-1371,C57BL/6J,BMA,319,Basomedial amygdalar nucleus,,,146012934,295
159021559,M,"[83, 135, 136, 235, 307, 395, 978, 1048, 1069, 1098, 1107]",1.0615487008,11300,7000,6500,5,378-1660,C57BL/6J,MDRN,395,Medullary reticular nucleus,,,159021559,83
113887162,M,"[385, 417]",0.4078438168,7900,1380,8470,5,378-1141,C57BL/6J,VISp,385,Primary visual area,,,113887162,385
272404772,M,"[329, 382, 417, 423, 463]",0.1511302688,7180,2430,8680,5,378-1859,C57BL/6J,CA3,463,Field CA3,,,272404772,329
119847544,M,"[928, 1007, 1017, 1033, 1041]",0.0512055635,10630,3970,8650,5,378-1197,C57BL/6J,PFL,1041,Paraflocculus,,,119847544,928
180296424,M,"[385, 409, 425, 312782574, 312782628]",0.814006032,9290,2220,9410,5,378-1815,C57BL/6J,VISp,385,Primary visual area,,,180296424,385
142656218,M,"[502, 895, 918, 922, 312782628, 484682470]",0.1349395418,9340,3430,9790,5,378-1356,C57BL/6J,ENTl,918,"Entorhinal area, lateral part",,,142656218,502
180708524,M,[1020],0.015272418,7350,3930,7040,5,378-1833,C57BL/6J,PO,1020,Posterior complex of the thalamus,,,180708524,1020
558580065,F,"[918, 926]",0.2014771808,9580,5630,9700,5,BL/6J-275244,C57BL/6J,ENTm,926,"Entorhinal area, medial part, dorsal zone",,,558580065,918
277480964,M,"[319, 647, 780]",0.046022711,7910,6430,8590,5,378-1911,C57BL/6J,COAp,647,"Cortical amygdalar area, posterior part",,,277480964,319
180404418,M,"[378, 677, 1057]",0.007727080725,5260,4360,9340,5,378-1821,C57BL/6J,GU,1057,Gustatory areas,,,180404418,378
129567943,M,"[202, 209, 225]",0.220826634,11370,4530,6970,5,378-1330,C57BL/6J,SPIV,225,Spinal vestibular nucleus,,,129567943,202
175372863,M,"[23, 298, 319, 342, 403, 619, 639, 998]",0.480439512,5650,6410,7580,5,378-1798,C57BL/6J,AAA,23,Anterior amygdalar area,,,175372863,23
112596790,M,"[104, 583, 985, 1057]",0.3978940336,3620,4540,8780,5,378-1006,C57BL/6J,AId,104,"Agranular insular area, dorsal part",,,112596790,104
158373181,M,"[194, 337, 342, 403, 536, 797, 1031]",0.3082842448,6650,5980,7410,5,378-1633,C57BL/6J,LHA,194,Lateral hypothalamic area,,,158373181,194
174957972,M,"[15, 38, 127, 149, 181, 189, 262, 366, 599, 797, 1077, 1113, 1120, 560581559]",1.4578457264,6010,4350,5520,5,378-1773,C57BL/6J,RE,181,Nucleus of reuniens,,,174957972,15
157659671,M,"[56, 226, 298, 342, 596, 672, 754]",0.347583068,4830,6680,6800,5,378-1621,C57BL/6J,SI,342,Substantia innominata,,,157659671,56
139311530,M,"[128, 214, 215, 294, 634, 795]",0.8744251488,8600,3210,6350,5,378-1341,C57BL/6J,MRN,128,Midbrain reticular nucleus,,,139311530,128
114402050,M,"[429, 589508451]",0.1230446448,12840,5120,7350,5,378-1187,C57BL/6J,SPVC,429,"Spinal nucleus of the trigeminal, caudal part",,,114402050,429
127909584,M,"[48, 72, 88, 133, 250, 258, 263, 266, 272, 310, 351, 515, 523, 564, 581, 914, 1109]",1.1082653008,5350,6690,6000,5,378-1319,C57BL/6J,MPN,515,Medial preoptic nucleus,,,127909584,48
175072921,M,"[23, 319, 342, 403, 536, 619, 639, 1022, 1105]",0.832963544,6170,4950,7850,5,378-1780,C57BL/6J,MEA,403,Medial amygdalar nucleus,,,175072921,23
180520257,M,"[475, 1044, 560581563]",0.03604678875,8690,4060,7980,5,378-1829,C57BL/6J,MG,475,Medial geniculate complex,,,180520257,475
585051446,M,"[502, 918, 926]",0.1947015784,9450,5210,9310,5,C57BL6J-314643,C57BL/6J,ENTm,926,"Entorhinal area, medial part, dorsal zone",,,585051446,502
272697944,M,"[985, 993]",0.3710439936,3940,3410,7780,5,378-1862,C57BL/6J,MOp,985,Primary motor area,,,272697944,985
113096571,M,"[128, 294, 795]",0.469684670767021,9050,3490,5970,5,378-1095,C57BL/6J,PAG,795,Periaqueductal gray,,,113096571,128
126861679,M,"[394, 312782546]",0.1692370428,7350,1200,7320,5,378-1348,C57BL/6J,VISam,394,Anteromedial visual area,,,126861679,394
585026021,M,"[502, 918, 926]",0.2396796388,9370,5310,9170,5,C57BL6J-314642,C57BL/6J,ENTm,926,"Entorhinal area, medial part, dorsal zone",,,585026021,502
146984209,M,"[918, 952, 961]",0.2115607144,7400,5620,9720,5,378-1510,C57BL/6J,PIR,961,Piriform area,,,146984209,918
147214398,M,"[136, 445, 661, 852]",0.3326115688,10940,6010,7040,5,378-1540,C57BL/6J,VII,661,Facial motor nucleus,,,147214398,136
156979988,M,"[7, 271, 534, 612, 621, 867, 1052, 549009215]",0.2180200316,9580,5240,7670,5,378-1598,C57BL/6J,PSV,7,Principal sensory nucleus of the trigeminal,,,156979988,7
146858006,M,"[1002, 1027]",0.1141708428,8170,2530,9650,5,378-1506,C57BL/6J,AUDp,1002,Primary auditory area,,,146858006,1002
180601025,M,"[361, 369, 718, 733, 182305689]",0.0486103716,6670,1310,7980,5,378-1842,C57BL/6J,SSp-un,182305689,"Primary somatosensory area, unassigned",,,180601025,361
175265301,M,"[4, 136, 202, 445, 852, 867, 920, 970, 1048, 1093]",1.1634545104,10910,3040,6720,5,378-1795,C57BL/6J,IRN,136,Intermediate reticular nucleus,,,175265301,4
127085717,M,"[147, 162, 280, 460, 795, 867, 898, 920]",0.0472665564,10660,4020,6560,5,378-1374,C57BL/6J,PB,867,Parabrachial nucleus,,,127085717,147
640282128,M,"[502, 918, 926, 484682470]",0.30434243,9540,3490,9210,5,C57BL6J_OLD-343579,C57BL/6J,ENTm,926,"Entorhinal area, medial part, dorsal zone",,,640282128,502
156930126,M,"[4, 7, 128, 146, 271, 294, 534, 612, 621, 867, 1052, 549009215]",0.6046697216,9790,5230,7090,5,378-1589,C57BL/6J,NLL,612,Nucleus of the lateral lemniscus,,,156930126,4
175374275,M,"[118, 181, 189, 362, 366, 525, 599, 685, 741, 830, 886, 946, 980, 1077, 560581559]",0.571622685096094,7150,4870,6050,5,378-1800,C57BL/6J,PH,946,Posterior hypothalamic nucleus,,,175374275,118
174583187,M,"[128, 325, 381, 385, 422, 475, 580, 797, 1029, 1044, 560581563, 563807435]",0.6327355496,8590,4180,7640,5,378-1767,C57BL/6J,MRN,128,Midbrain reticular nucleus,,,174583187,128
158738180,M,"[88, 226, 263, 272, 342, 351, 515, 523, 596, 689, 1109, 576073699]",0.7360870944,5480,6720,6050,5,BL/6-3013,C57BL/6J,MPO,523,Medial preoptic area,,,158738180,88
113553300,M,"[194, 226, 263, 342, 351, 523, 596, 689]",0.366235996,5480,6690,6570,5,378-1123,C57BL/6J,LPO,226,Lateral preoptic area,,,113553300,194
112826458,M,"[106, 437, 445, 651, 852]",0.3397464392,11310,5790,7240,5,378-1069,C57BL/6J,SPVO,445,"Spinal nucleus of the trigeminal, oral part",,,112826458,106
180720175,M,"[337, 361, 894, 985, 993]",1.015067536,5760,820,6460,5,378-1823,C57BL/6J,MOp,985,Primary motor area,,,180720175,337
141603190,M,"[39, 993]",0.1705569068,4180,2160,6300,5,378-1351,C57BL/6J,MOs,993,Secondary motor area,,,141603190,39
127349111,M,"[235, 307, 978, 1048]",0.0264664141,11690,7010,6610,5,378-1295,C57BL/6J,PGRNl,978,"Paragigantocellular reticular nucleus, lateral part",,,127349111,235
100141563,M,"[337, 985]",0.1725958556,5370,1590,7490,5,378-697,C57BL/6J,MOp,985,Primary motor area,,,100141563,337
127866392,M,[329],0.1754450684,7310,1890,9080,5,378-1488,C57BL/6J,SSp-bfd,329,"Primary somatosensory area, barrel field",,,127866392,329
174781014,M,"[218, 726, 1020]",0.1667998024,7440,3600,6920,5,378-1771,C57BL/6J,PO,1020,Posterior complex of the thalamus,,,174781014,218
175158132,M,"[128, 294, 580]",0.30609124,8690,2750,7620,5,378-1790,C57BL/6J,SCm,294,"Superior colliculus, motor related",,,175158132,128
121509005,M,"[35, 115, 128, 197, 214, 294, 302, 591, 795, 872, 606826663]",0.10423554645,9120,1280,5890,5,378-1246,C57BL/6J,MRN,128,Midbrain reticular nucleus,,,121509005,35
272970039,M,[726],0.006621094375,6220,2610,5950,5,378-1900,C57BL/6J,DG,726,Dentate gyrus,,,272970039,726
123663689,M,"[136, 202, 209, 217, 445, 621, 661, 852, 867, 920, 549009215]",0.6035830976,10740,3540,7120,5,378-1252,C57BL/6J,VII,661,Facial motor nucleus,,,123663689,136
146795148,M,"[342, 403, 536, 1022, 1031]",0.245500388,6590,5090,8320,5,378-1497,C57BL/6J,CEA,536,Central amygdalar nucleus,,,146795148,342
146593590,M,"[39, 48, 993]",0.17721977,5270,1650,6180,5,378-1487,C57BL/6J,ACAd,39,"Anterior cingulate area, dorsal part",,,146593590,39
146470726,M,"[56, 72, 258, 266, 342, 351, 523, 564, 596, 1109]",0.643639996546094,4700,5010,6240,5,378-1435,C57BL/6J,ACB,56,Nucleus accumbens,,,146470726,56
126116142,M,"[88, 194, 226, 347, 351, 515, 523, 576073704]",0.6612415936,6140,6140,6490,5,378-1275,C57BL/6J,AHN,88,Anterior hypothalamic nucleus,,,126116142,88
120811946,M,"[128, 214, 749]",0.3016077988,8510,4830,6520,5,378-1221,C57BL/6J,RN,214,Red nucleus,,,120811946,128
158257355,M,"[48, 56, 72, 226, 258, 263, 266, 272, 342, 351, 523, 564, 596, 1109]",1.4149421104,4620,6410,5620,5,378-1626,C57BL/6J,NDB,596,Diagonal band nucleus,,,158257355,48
272968624,M,"[186, 362, 575, 726, 741, 907, 930, 1020]",0.0545799877,7510,4430,6600,5,378-1898,C57BL/6J,PF,930,Parafascicular nucleus,,,272968624,186
146658879,M,"[128, 215, 218, 325, 726, 930, 1020, 1029, 563807435]",0.3212279868,7460,2520,7230,5,378-1484,C57BL/6J,LP,218,Lateral posterior nucleus of the thalamus,,,146658879,128
180707817,M,"[685, 797]",0.0266735518,7080,5030,6330,5,378-1831,C57BL/6J,VM,685,Ventral medial nucleus of the thalamus,,,180707817,685
112827872,M,[1017],0.331598876,11460,3780,8800,5,378-1072,C57BL/6J,AN,1017,Ansiform lobule,,,112827872,1017
100141214,M,"[463, 726]",0.150276238,6600,2830,6630,5,378-603,C57BL/6J,DG,726,Dentate gyrus,,,100141214,463
158738894,M,[1041],0.013150929925,10690,4710,8940,5,378-1643,C57BL/6J,PFL,1041,Paraflocculus,,,158738894,1041
127762867,M,"[369, 672]",0.1725274124,6020,2520,7930,5,378-1463,C57BL/6J,CP,672,Caudoputamen,,,127762867,369
158914182,M,"[58, 128, 146, 214, 246, 374, 381, 749, 886]",0.5391671488,8250,1120,6860,5,378-1649,C57BL/6J,SNr,381,"Substantia nigra, reticular part",,,158914182,58
127084296,M,[985],0.3443178256,5160,2270,6980,5,378-1401,C57BL/6J,MOp,985,Primary motor area,,,127084296,985
146858755,M,"[385, 402, 409]",0.0661820313,8520,1230,9270,5,378-1507,C57BL/6J,VISl,409,Lateral visual area,,,146858755,385
114427219,M,"[64, 255]",0.1711982188,6000,3610,6360,5,378-1177,C57BL/6J,AV,255,Anteroventral nucleus of thalamus,,,114427219,64
112425523,M,"[414, 685, 797, 946]",0.2005974544,7600,4930,6120,5,378-946,C57BL/6J,PH,946,Posterior hypothalamic nucleus,,,112425523,414
120493315,M,[91],0.0681951522,11570,3560,7380,5,378-1242,C57BL/6J,IP,91,Interposed nucleus,,,120493315,91
114754390,M,"[294, 302, 886]",0.4578995512,8540,1960,6530,5,378-1181,C57BL/6J,SCs,302,"Superior colliculus, sensory related",,,114754390,294
174736554,M,"[366, 685, 741, 797, 879, 886]",0.2300897312,7150,4790,6240,5,378-1769,C57BL/6J,VM,685,Ventral medial nucleus of the thalamus,,,174736554,366
114008220,M,"[382, 502, 726, 484682470]",0.07194278,8280,2380,7720,5,378-1154,C57BL/6J,DG,726,Dentate gyrus,,,114008220,382
100147853,M,[385],0.0735476182,9440,1220,8630,5,378-874,C57BL/6J,VISp,385,Primary visual area,,,100147853,385
180709942,M,"[985, 993]",0.8089883536,2670,2800,8010,5,378-1812,C57BL/6J,MOs,993,Secondary motor area,,,180709942,985
307321674,M,"[385, 409]",0.8053739568,8930,1810,8450,5,C57BL/6-152924,C57BL/6J,VISp,385,Primary visual area,,,307321674,385
113936696,M,"[928, 1007]",0.245108878,11160,2780,7950,5,378-1151,C57BL/6J,SIM,1007,Simple lobule,,,113936696,928
180709230,M,"[104, 119, 723, 961]",0.797135528,3010,4370,7970,5,378-1810,C57BL/6J,ORBl,723,"Orbital area, lateral part",,,180709230,104
100141434,M,"[194, 362, 366, 414, 685, 741, 797, 907, 946, 1077]",0.3191896848,7200,4950,6000,5,378-674,C57BL/6J,PH,946,Posterior hypothalamic nucleus,,,100141434,194
114755811,M,"[7, 101, 534, 867, 928, 549009227]",0.2494142336,10130,5120,7630,5,378-1188,C57BL/6J,PSV,7,Principal sensory nucleus of the trigeminal,,,114755811,7
277710753,M,"[295, 353, 369, 536, 672, 182305689]",0.2210626572,5740,1950,8350,5,378-1921,C57BL/6J,BLA,295,Basolateral amygdalar nucleus,,,277710753,295
112308468,M,"[382, 423, 463]",0.1130080238,7500,3390,9160,5,378-932,C57BL/6J,CA3,463,Field CA3,,,112308468,382
126115436,M,"[385, 879, 1037, 484682508]",0.015742581575,9740,2310,8070,5,378-1271,C57BL/6J,APr,484682508,Area prostriata,,,126115436,385
138059031,M,"[133, 263, 272, 452, 515, 523, 763]",0.0590262616152344,4940,6770,5850,5,378-1335,C57BL/6J,AVPV,272,Anteroventral periventricular nucleus,,,138059031,133
272969333,M,[155],0.0297776528,6440,3270,7400,5,378-1899,C57BL/6J,LD,155,Lateral dorsal nucleus of thalamus,,,272969333,155
125363160,M,"[128, 215, 634, 930]",0.091939337,7900,3580,6590,5,378-1258,C57BL/6J,APN,215,Anterior pretectal nucleus,,,125363160,128
126522350,M,"[128, 294, 616, 795, 867, 1052]",0.445330228,9840,3870,7020,5,378-1284,C57BL/6J,CUN,616,Cuneiform nucleus,,,126522350,128
112827164,M,"[294, 302]",0.064041579,9220,1540,5970,5,378-1071,C57BL/6J,SCs,302,"Superior colliculus, sensory related",,,112827164,294
304586645,M,[385],0.2089061884,8510,1540,8190,5,C57BL/6-144798,C57BL/6J,VISp,385,Primary visual area,,,304586645,385
273025872,M,"[181, 366, 414, 685, 741, 797, 879, 946, 1077]",0.1825649644,7270,4930,6090,5,378-1903,C57BL/6J,VM,685,Ventral medial nucleus of the thalamus,,,273025872,181
113766038,M,"[353, 369, 672, 182305689]",0.3038386904,5720,2600,8350,5,378-1131,C57BL/6J,CP,672,Caudoputamen,,,113766038,353
127139568,M,"[502, 843, 918, 926, 1084]",0.5525325456,9290,5490,8880,5,378-1400,C57BL/6J,ENTm,926,"Entorhinal area, medial part, dorsal zone",,,127139568,502
126653015,M,[566],0.2247933996,8290,6110,9290,5,378-1287,C57BL/6J,TR,566,Postpiriform transition area,,,126653015,566
146553971,M,"[895, 918, 922, 952]",0.2271489276,8020,4810,9800,5,378-1465,C57BL/6J,ENTl,918,"Entorhinal area, lateral part",,,146553971,895
126646502,M,"[294, 302]",0.28924994,8850,1790,6420,5,378-1285,C57BL/6J,SCm,294,"Superior colliculus, motor related",,,126646502,294
122641784,M,"[382, 423, 463, 726]",0.0695466555,8040,5550,8970,5,378-1250,C57BL/6J,CA1,382,Field CA1,,,122641784,382
127083591,M,"[215, 294]",0.1715720692,8520,3560,7410,5,378-1375,C57BL/6J,APN,215,Anterior pretectal nucleus,,,127083591,215
626107114,M,"[385, 502, 726, 843, 926, 1084]",0.212027998,9250,4520,8540,5,C57BL6J_OLD-339344,C57BL/6J,ENTm,926,"Entorhinal area, medial part, dorsal zone",,,626107114,385
117316260,M,"[262, 718, 1022, 1031]",0.1835379868,5910,4810,7360,5,378-1202,C57BL/6J,RT,262,Reticular nucleus of the thalamus,,,117316260,262
142654808,M,[1017],0.2430607564,12010,2400,8850,5,378-1358,C57BL/6J,AN,1017,Ansiform lobule,,,142654808,1017
112514202,M,"[39, 48, 993]",0.2223386172,4220,1940,6210,5,378-963,C57BL/6J,ACAv,48,"Anterior cingulate area, ventral part",,,112514202,39
307558646,M,"[385, 409]",1.0584762832,8740,1590,8140,5,C57BL/6-153763,C57BL/6J,VISp,385,Primary visual area,,,307558646,385
112951804,M,"[329, 378]",0.412418496,6720,2440,8720,5,378-1091,C57BL/6J,SSp-bfd,329,"Primary somatosensory area, barrel field",,,112951804,329
112745787,M,[726],0.0817523644,7510,2270,7470,5,378-1057,C57BL/6J,DG,726,Dentate gyrus,,,112745787,726
180568155,M,"[15, 149]",0.006600075825,5730,4600,5900,5,378-1840,C57BL/6J,PT,15,Parataenial nucleus,,,180568155,15
307320960,M,[385],0.5142510016,9340,1860,8300,5,C57BL/6-152923,C57BL/6J,VISp,385,Primary visual area,,,307320960,385
127796728,M,"[12, 100, 128, 197, 749, 795, 946, 607344830]",0.06004859013125,8280,5220,5940,5,378-1474,C57BL/6J,VTA,749,Ventral tegmental area,,,127796728,12
180673746,M,"[184, 507, 723, 993]",0.139684006,2090,3180,7380,5,378-1816,C57BL/6J,ORBl,723,"Orbital area, lateral part",,,180673746,184
157063074,M,"[194, 685, 797]",0.2469460644,7160,5330,6490,5,378-1609,C57BL/6J,VM,685,Ventral medial nucleus of the thalamus,,,157063074,194
126188607,M,"[136, 203, 773, 852, 1048]",0.3297127288,11910,6240,6370,5,378-1278,C57BL/6J,IRN,136,Intermediate reticular nucleus,,,126188607,136
127557915,M,"[128, 246, 271, 374, 381]",0.150937346,9100,4250,7540,5,378-1306,C57BL/6J,MRN,128,Midbrain reticular nucleus,,,127557915,128
180719293,M,"[104, 985, 993]",1.0470485424,2460,2960,8170,5,378-1822,C57BL/6J,MOs,993,Secondary motor area,,,180719293,104
114046440,M,"[63, 194, 262, 337, 356, 364, 685, 797, 985, 576073704]",0.7726066768,6530,5900,6570,5,378-1157,C57BL/6J,LHA,194,Lateral hypothalamic area,,,114046440,63
175264587,M,"[206, 642, 1048, 1093]",0.015860997425,10010,6500,5690,5,378-1794,C57BL/6J,PRNc,1093,"Pontine reticular nucleus, caudal part",,,175264587,206
272830456,M,"[15, 39, 149, 186, 362, 483, 993]",0.1737744428,5860,770,6340,5,378-1873,C57BL/6J,MD,362,Mediodorsal nucleus of thalamus,,,272830456,15
147354951,M,"[106, 136, 202, 209, 217, 445, 852]",0.293744514,10800,5770,7360,5,378-1545,C57BL/6J,PARN,852,Parvicellular reticular nucleus,,,147354951,106
126908007,M,[353],0.3585781192,5830,2430,8740,5,378-1353,C57BL/6J,SSp-n,353,"Primary somatosensory area, nose",,,126908007,353
127797441,M,"[262, 337, 361, 629, 685, 797, 894, 985]",0.321585138,6310,5170,6880,5,378-1475,C57BL/6J,VM,685,Ventral medial nucleus of the thalamus,,,127797441,262
272970747,M,[362],0.0765251081,7100,4220,6190,5,378-1901,C57BL/6J,MD,362,Mediodorsal nucleus of thalamus,,,272970747,362
157062358,M,"[541, 312782574, 312782628]",0.073378578,9270,2860,9500,5,378-1607,C57BL/6J,VISpor,312782628,Postrhinal area,,,157062358,541
157654817,M,[345],0.1382585568,4370,3460,9310,5,378-1618,C57BL/6J,SSp-m,345,"Primary somatosensory area, mouth",,,157654817,345
147049515,M,"[127, 262, 351, 797]",0.1770259652,5570,4500,6440,5,378-1527,C57BL/6J,BST,351,Bed nuclei of the stria terminalis,,,147049515,127
307743253,M,"[385, 409]",0.5686671088,8810,1890,8690,5,C57BL/6-153764,C57BL/6J,VISp,385,Primary visual area,,,307743253,385
146045723,M,"[56, 226, 298, 342, 596, 672, 754, 993]",0.3813653928,4890,6760,6790,5,378-1372,C57BL/6J,SI,342,Substantia innominata,,,146045723,56
272737914,M,"[104, 119, 345, 583, 1057]",0.243130748,4140,3980,9230,5,378-1864,C57BL/6J,AId,104,"Agranular insular area, dorsal part",,,272737914,104
159650350,M,"[23, 56, 298, 342, 536, 672, 754, 985, 998]",0.721880152,5590,6270,7740,5,378-1679,C57BL/6J,SI,342,Substantia innominata,,,159650350,23
127761449,M,"[23, 319, 329, 342, 403, 536, 672, 1022, 1105, 182305689]",0.8736863072,6700,5040,8500,5,378-1472,C57BL/6J,CEA,536,Central amygdalar nucleus,,,127761449,23
100141796,M,"[409, 425, 312782574, 312782628]",0.1785615076,9180,2370,9440,5,378-796,C57BL/6J,VISli,312782574,Laterointermediate area,,,100141796,409
139426984,M,"[39, 48]",0.125346312,4930,1800,6080,5,378-1343,C57BL/6J,ACAd,39,"Anterior cingulate area, dorsal part",,,139426984,39
116903968,M,"[385, 402, 409]",0.1688734824,8490,1430,9120,5,378-1192,C57BL/6J,VISl,409,Lateral visual area,,,116903968,385
114045733,M,"[491, 525, 946, 980]",0.0704841333,7910,5780,5850,5,378-1156,C57BL/6J,SUM,525,Supramammillary nucleus,,,114045733,491
112882565,M,"[329, 378]",0.1749166132,7310,2270,8990,5,378-1073,C57BL/6J,SSp-bfd,329,"Primary somatosensory area, barrel field",,,112882565,329
268389532,M,"[91, 846, 1007, 1033]",0.159989704,11560,4330,8180,5,378-1855,C57BL/6J,IP,91,Interposed nucleus,,,268389532,91
126843200,M,"[15, 149, 362, 1113]",0.00402837973125,5880,4130,6110,5,378-1338,C57BL/6J,PT,15,Parataenial nucleus,,,126843200,15
127468854,M,"[262, 1022, 1031]",0.1403124114,6150,4630,7330,5,378-1302,C57BL/6J,RT,262,Reticular nucleus of the thalamus,,,127468854,262
112935169,M,"[337, 985]",0.2219102396,5690,1590,7270,5,378-1076,C57BL/6J,SSp-ll,337,"Primary somatosensory area, lower limb",,,112935169,337
141602484,M,"[985, 993]",0.2090960536,3970,1810,7400,5,378-1350,C57BL/6J,MOs,993,Secondary motor area,,,141602484,985
126190743,M,"[194, 356, 364, 470, 685, 725, 797]",0.690710664,7010,5590,7190,5,378-1276,C57BL/6J,ZI,797,Zona incerta,,,126190743,194
100148503,M,"[394, 312782546]",0.0888404986,7420,1180,7290,5,378-897,C57BL/6J,VISam,394,Anteromedial visual area,,,100148503,394
126710034,M,"[136, 203, 235, 307, 978, 1048]",0.433841688,11710,6650,6870,5,378-1313,C57BL/6J,GRN,1048,Gigantocellular reticular nucleus,,,126710034,136
120280191,M,"[39, 48, 88, 133, 250, 347, 351, 515, 523, 914]",0.5683537832,5200,1620,6170,5,378-1205,C57BL/6J,MPN,515,Medial preoptic nucleus,,,120280191,39
126710740,M,"[1, 128, 194, 210, 214, 491, 525, 749, 795, 946, 980, 1004]",1.14201361967656,7720,6500,6090,5,378-1314,C57BL/6J,MM,491,Medial mammillary nucleus,,,126710740,1
100147861,M,"[337, 361, 369, 382, 423, 463]",0.1388798866,6640,1650,7510,5,378-875,C57BL/6J,CA1,382,Field CA1,,,100147861,337
113887868,M,"[385, 425, 879, 894]",0.314177318,9980,1490,7920,5,378-1142,C57BL/6J,VISp,385,Primary visual area,,,113887868,385
121145045,M,"[146, 574, 931, 1093]",0.244815999832031,9040,6160,6080,5,378-1228,C57BL/6J,TRN,574,Tegmental reticular nucleus,,,121145045,146
180717881,M,"[345, 378, 1057]",0.989409568,4620,3340,9380,5,378-1813,C57BL/6J,SSp-m,345,"Primary somatosensory area, mouth",,,180717881,345
180403712,M,"[541, 895]",0.047914748,7530,4510,10100,5,378-1820,C57BL/6J,ECT,895,Ectorhinal area,,,180403712,541
142654100,M,"[502, 895, 918, 922, 312782628]",0.1678063408,9400,3440,9930,5,378-1357,C57BL/6J,ENTl,918,"Entorhinal area, lateral part",,,142654100,502
119846838,M,"[72, 133, 263, 266, 272, 351, 452, 515, 523, 564, 914, 1109]",0.4363408546,5160,5630,5670,5,378-1195,C57BL/6J,MPO,523,Medial preoptic area,,,119846838,72
114399934,M,"[672, 952]",0.3164915684,4750,5310,8670,5,378-1167,C57BL/6J,CP,672,Caudoputamen,,,114399934,672
120760759,M,"[128, 214, 795]",0.1762192488,9300,3580,6190,5,378-1218,C57BL/6J,MRN,128,Midbrain reticular nucleus,,,120760759,128
114430043,M,"[463, 726]",0.1218246134,8670,3010,8410,5,378-1174,C57BL/6J,DG,726,Dentate gyrus,,,114430043,463
146659588,M,"[1, 126, 194, 223, 414, 491, 525, 741, 830, 930, 946, 980, 1004, 1126]",0.4725371448,7440,6650,6340,5,378-1485,C57BL/6J,PMv,1004,Ventral premammillary nucleus,,,146659588,1
307557934,M,[385],0.5278938168,8740,1590,8140,5,C57BL/6-153762,C57BL/6J,VISp,385,Primary visual area,,,307557934,385
147787606,M,"[181, 189, 362, 366, 599, 685, 741, 907]",0.1243518453625,7140,4800,5690,5,378-1556,C57BL/6J,SMT,366,Submedial nucleus of the thalamus,,,147787606,181
113784293,M,"[155, 218, 463]",0.107922108,6700,2870,6840,5,378-1134,C57BL/6J,LD,155,Lateral dorsal nucleus of thalamus,,,113784293,155
116905391,M,"[4, 294, 795]",0.3348271528,10410,2180,6440,5,378-1198,C57BL/6J,IC,4,Inferior colliculus,,,116905391,4
180297139,M,"[918, 922, 312782628]",0.2178542156,9420,3490,10060,5,378-1819,C57BL/6J,ENTl,918,"Entorhinal area, lateral part",,,180297139,918
114008926,M,"[382, 385, 502, 726, 484682470]",0.1585755934,8480,1510,8120,5,378-1155,C57BL/6J,VISp,385,Primary visual area,,,114008926,382
114473794,M,[928],0.129003077875,11210,1650,5690,5,378-1179,C57BL/6J,CUL,928,Culmen,,,114473794,928
114291646,M,"[15, 59, 127, 149, 362, 599, 907, 1113, 1120]",0.3269119188125,6350,4150,5690,5,378-1166,C57BL/6J,MD,362,Mediodorsal nucleus of thalamus,,,114291646,15
112229103,M,"[394, 894]",0.03655322825,7450,970,7020,5,378-927,C57BL/6J,RSPagl,894,"Retrosplenial area, lateral agranular part",,,112229103,394
100148142,M,"[879, 886]",0.122177531,6830,1260,6160,5,378-892,C57BL/6J,RSPv,886,"Retrosplenial area, ventral part",,,100148142,879
180982124,M,"[111, 345, 378, 583, 672, 677, 1057]",0.6500723376,5270,3760,9030,5,378-1836,C57BL/6J,CP,672,Caudoputamen,,,180982124,111
126909424,M,"[369, 985]",0.3054036132,5080,2360,7800,5,378-1354,C57BL/6J,MOp,985,Primary motor area,,,126909424,369
122641078,M,"[319, 639, 788, 961, 966]",0.3442807424,6350,7380,8740,5,378-1249,C57BL/6J,PAA,788,Piriform-amygdalar area,,,122641078,319
309003780,M,[385],0.3140588164,8870,1740,8360,5,C57BL/6-154703,C57BL/6J,VISp,385,Primary visual area,,,309003780,385
277712166,M,[385],0.03871535815,8370,930,8250,5,378-1853,C57BL/6J,VISp,385,Primary visual area,,,277712166,385
640285199,M,"[502, 484682470]",0.02879613135,9180,3530,9440,5,C57BL6J_OLD-343578,C57BL/6J,SUB,502,Subiculum,,,640285199,502
148197327,M,"[126, 491, 525, 980, 1004, 1126]",0.0341547674070312,7900,6460,6020,5,378-1572,C57BL/6J,MM,491,Medial mammillary nucleus,,,148197327,126
148198052,M,"[672, 985]",0.1159476122,4480,1420,7720,5,378-1571,C57BL/6J,CP,672,Caudoputamen,,,148198052,672
133286030,M,"[39, 44, 159, 589, 731, 814, 972, 993]",0.212469488,3280,4750,6060,5,378-1333,C57BL/6J,TT,589,Taenia tecta,,,133286030,39
272875132,M,"[15, 59, 149, 186, 337, 362, 599, 726, 985]",0.15219541855,6350,3830,5670,5,378-1876,C57BL/6J,MD,362,Mediodorsal nucleus of thalamus,,,272875132,15
146660293,M,"[88, 194, 226, 351, 515, 523, 576073704]",0.3910414032,6030,5940,6570,5,378-1490,C57BL/6J,AHN,88,Anterior hypothalamic nucleus,,,146660293,88
116900714,M,"[382, 394, 502, 894, 484682470]",0.1831586484,7530,560,7060,5,378-1190,C57BL/6J,CA1,382,Field CA1,,,116900714,382
113226232,M,"[918, 926]",0.5450253536,9510,4410,9390,5,378-1101,C57BL/6J,ENTm,926,"Entorhinal area, medial part, dorsal zone",,,113226232,918
117302771,M,"[194, 262, 342, 403, 536, 797, 1031]",0.1931133904,6770,5930,7430,5,378-1200,C57BL/6J,LHA,194,Lateral hypothalamic area,,,117302771,194
113313632,M,"[63, 88, 194, 693, 797, 830, 576073704]",0.571094608,6570,6160,6470,5,378-1111,C57BL/6J,LHA,194,Lateral hypothalamic area,,,113313632,63
127042540,M,"[136, 235, 307, 395, 429, 661, 978, 1048, 1069, 1098]",0.4345008752,11330,6830,6790,5,378-1365,C57BL/6J,PGRNl,978,"Paragigantocellular reticular nucleus, lateral part",,,127042540,136
100141596,M,[4],0.2893827692,9810,2500,7450,5,378-729,C57BL/6J,IC,4,Inferior colliculus,,,100141596,4
127908173,M,"[169, 177, 202, 651, 773, 839, 970, 1048]",0.2939202378,11970,5120,5540,5,378-1317,C57BL/6J,PRP,169,Nucleus prepositus,,,127908173,169
146984915,M,"[502, 726, 843, 926, 1084]",0.2299636052,9230,3300,8320,5,378-1511,C57BL/6J,PRE,1084,Presubiculum,,,146984915,502
113505468,M,"[56, 672, 961, 998]",0.1866928616,5260,5950,8110,5,378-1120,C57BL/6J,CP,672,Caudoputamen,,,113505468,56
114755099,M,"[56, 159, 342, 589, 754]",0.2661612772,3740,6210,5980,5,378-1173,C57BL/6J,AON,159,Anterior olfactory nucleus,,,114755099,56
146747721,M,"[226, 342, 351]",0.0878213574,5500,5670,6880,5,378-1491,C57BL/6J,BST,351,Bed nuclei of the stria terminalis,,,146747721,226
100141223,M,"[629, 725, 733, 741, 1020]",0.188507214,7510,4470,6830,5,378-639,C57BL/6J,VPM,733,Ventral posteromedial nucleus of the thalamus,,,100141223,629
127649005,M,"[382, 423, 463, 726]",0.634938276,8730,4880,8570,5,378-1430,C57BL/6J,CA3,463,Field CA3,,,127649005,382
114399224,M,"[218, 463, 726]",0.02875015465,7470,2560,7430,5,378-1164,C57BL/6J,DG,726,Dentate gyrus,,,114399224,218
146077302,M,"[533, 894]",0.061059292,8310,580,7070,5,378-1408,C57BL/6J,VISpm,533,posteromedial visual area,,,146077302,533
146856593,M,"[395, 429, 1098]",0.0198809856,12900,5140,7140,5,378-1500,C57BL/6J,SPVC,429,"Spinal nucleus of the trigeminal, caudal part",,,146856593,395
158373958,M,"[262, 1022]",0.0903202104,5700,4890,7220,5,378-1634,C57BL/6J,GPe,1022,"Globus pallidus, external segment",,,158373958,262
272873704,M,"[218, 325, 385, 475, 533, 1029, 563807435]",0.1194513768,8460,3590,7710,5,378-1874,C57BL/6J,SGN,325,Suprageniculate nucleus,,,272873704,218
112952510,M,"[39, 993]",0.2878095948,3430,2280,6210,5,378-1085,C57BL/6J,MOs,993,Secondary motor area,,,112952510,39
122640358,M,"[136, 395, 429, 1098]",0.0459801937,13140,5640,6660,5,378-1268,C57BL/6J,MDRN,395,Medullary reticular nucleus,,,122640358,136
174788109,M,"[361, 374, 381, 470, 797, 312782546]",0.2625324352,7510,4860,7900,5,378-1770,C57BL/6J,ZI,797,Zona incerta,,,174788109,361
113554719,M,"[88, 226, 263, 351, 515, 523, 596, 689, 1109]",0.3892360864,5230,5970,6460,5,378-1122,C57BL/6J,MPO,523,Medial preoptic area,,,113554719,88
304565427,M,"[385, 409, 425]",0.220694236,9590,1730,9290,5,C57BL/6-145450,C57BL/6J,VISp,385,Primary visual area,,,304565427,385
142655513,M,"[128, 231, 238, 604, 679, 757, 872, 898, 599626927]",0.19216178375625,10290,4590,5690,5,378-1355,C57BL/6J,PCG,898,Pontine central gray,,,142655513,128
180628971,M,"[475, 725, 733, 1020, 563807435]",0.0182598402,7470,4280,7230,5,378-1844,C57BL/6J,VPM,733,Ventral posteromedial nucleus of the thalamus,,,180628971,475
127353220,M,"[135, 136, 235, 395, 852, 978, 1098, 1107]",0.1330675164,12050,6780,7010,5,378-1296,C57BL/6J,IRN,136,Intermediate reticular nucleus,,,127353220,135
156979283,M,"[186, 483, 634, 795, 599626923]",0.2106973497125,7790,3000,5780,5,378-1597,C57BL/6J,PAG,795,Periaqueductal gray,,,156979283,186
125831616,M,"[944, 951]",0.1578326162,12830,3150,6300,5,378-1265,C57BL/6J,PYR,951,Pyramus (VIII),,,125831616,944
113935285,M,"[463, 726]",0.3478825952,8500,4310,8910,5,378-1153,C57BL/6J,CA3,463,Field CA3,,,113935285,463
158315810,M,"[226, 263, 351, 515, 523, 914, 1109]",0.2965174632,5300,5790,6340,5,378-1630,C57BL/6J,MPO,523,Medial preoptic area,,,158315810,226
147353537,M,"[186, 382, 483, 726]",0.0537390595,7040,2680,6150,5,378-1543,C57BL/6J,LH,186,Lateral habenula,,,147353537,186
112460257,M,"[928, 1007]",0.0147394842,11030,3440,8000,5,378-961,C57BL/6J,SIM,1007,Simple lobule,,,112460257,928
181057754,M,"[15, 38, 63, 88, 118, 173, 181, 194, 223, 262, 286, 347, 515, 614, 693, 797, 1077, 576073704]",1.5237240743639,6240,5860,6320,5,378-1838,C57BL/6J,AHN,88,Anterior hypothalamic nucleus,,,181057754,15
127865687,M,"[128, 214, 634, 795, 886]",0.5100134424,8520,4030,5830,5,378-1476,C57BL/6J,MRN,128,Midbrain reticular nucleus,,,127865687,128
277616630,M,[385],0.0681208633,8440,860,8160,5,378-1920,C57BL/6J,VISp,385,Primary visual area,,,277616630,385
113504763,M,"[63, 181, 1077, 560581559]",0.029595303740625,6850,5510,5770,5,378-1119,C57BL/6J,RE,181,Nucleus of reuniens,,,113504763,63
146553266,M,"[672, 993]",0.1238697362,4460,3170,6690,5,378-1464,C57BL/6J,CP,672,Caudoputamen,,,146553266,672
127469566,M,"[616, 867, 1052]",0.2473601732,9910,4070,7110,5,378-1303,C57BL/6J,PB,867,Parabrachial nucleus,,,127469566,616
158435826,M,"[128, 146, 147, 162, 202, 280, 350, 358, 604, 867, 898, 1093]",0.521573836,10570,4580,6090,5,378-1642,C57BL/6J,MV,202,Medial vestibular nucleus,,,158435826,128
117312486,M,"[266, 287, 351]",0.213229478,5270,5030,6260,5,378-1201,C57BL/6J,BST,351,Bed nuclei of the stria terminalis,,,117312486,266
158434409,M,"[128, 162, 280, 358, 604, 757, 880, 898, 599626927]",0.1822477384,10570,4570,6010,5,378-1640,C57BL/6J,PCG,898,Pontine central gray,,,158434409,128
113144533,M,"[295, 536, 672]",0.3307742256,7240,5730,8580,5,378-1098,C57BL/6J,BLA,295,Basolateral amygdalar nucleus,,,113144533,295
143515102,M,"[96, 101, 846, 1041, 1049]",0.074368378,10830,4700,8410,5,378-1359,C57BL/6J,VCO,101,Ventral cochlear nucleus,,,143515102,96
100141222,M,"[159, 507]",0.2497250504,1640,5300,6930,5,378-638,C57BL/6J,MOB,507,Main olfactory bulb,,,100141222,159
127091083,M,"[4, 128, 271, 385, 580, 616, 874]",0.367090164,9700,3840,7330,5,378-1403,C57BL/6J,SAG,271,Nucleus sagulum,,,127091083,4
127398177,M,"[4, 920]",0.0726238359,10860,2600,6290,5,378-1299,C57BL/6J,CENT,920,Central lobule,,,127398177,4
158915602,M,"[294, 502, 531, 628, 706, 886, 1061]",0.1348431196,8110,2440,6840,5,378-1650,C57BL/6J,NOT,628,Nucleus of the optic tract,,,158915602,294
113442864,M,"[531, 628, 634, 706, 1061]",0.0567203714,7910,2430,6250,5,378-1117,C57BL/6J,OP,706,Olivary pretectal nucleus,,,113442864,531
180718587,M,"[337, 369, 985]",0.9984581824,5950,2080,7500,5,378-1814,C57BL/6J,SSp-ul,369,"Primary somatosensory area, upper limb",,,180718587,337
175263771,M,"[88, 226, 263, 515, 523, 596, 689]",0.2789138996,5340,6660,6570,5,378-1793,C57BL/6J,MPO,523,Medial preoptic area,,,175263771,88
127711803,M,"[672, 998, 1022]",0.0641407305,5880,4830,7940,5,378-1443,C57BL/6J,CP,672,Caudoputamen,,,127711803,672
113036264,M,"[111, 378, 583, 672, 677, 1057]",0.5539385712,5810,4780,9800,5,378-1092,C57BL/6J,CP,672,Caudoputamen,,,113036264,111
273065264,M,"[128, 214, 294, 886]",0.136575985,8670,3340,6830,5,378-1909,C57BL/6J,MRN,128,Midbrain reticular nucleus,,,273065264,128
127222723,M,"[382, 409, 463, 502, 726, 1084, 484682470]",0.4945890656,8720,3920,8980,5,378-1405,C57BL/6J,SUB,502,Subiculum,,,127222723,382
100142580,M,[672],0.1065769992,5370,3650,7270,5,378-824,C57BL/6J,CP,672,Caudoputamen,,,100142580,672
114292355,M,"[337, 985]",0.3771202288,6180,1180,7090,5,378-1163,C57BL/6J,SSp-ll,337,"Primary somatosensory area, lower limb",,,114292355,337
117298988,M,[378],0.3927437416,6170,3870,9450,5,378-1199,C57BL/6J,SSs,378,Supplemental somatosensory area,,,117298988,378
114290938,M,[345],0.3689216272,4530,2470,8980,5,378-1165,C57BL/6J,SSp-m,345,"Primary somatosensory area, mouth",,,114290938,345
180074890,M,"[111, 378, 672, 677]",0.4478761896,6370,4360,10270,5,378-1811,C57BL/6J,VISC,677,Visceral area,,,180074890,111
175106769,M,"[88, 118, 173, 223, 614, 693, 993]",0.6516929832,6370,7110,6470,5,378-1779,C57BL/6J,VMH,693,Ventromedial hypothalamic nucleus,,,175106769,88
146985623,M,"[319, 403, 639, 647]",0.3504543504,7100,6700,8200,5,378-1512,C57BL/6J,MEA,403,Medial amygdalar nucleus,,,146985623,319
147632458,M,"[56, 298, 342, 596, 672, 754]",0.2427670112,5150,6810,7210,5,378-1549,C57BL/6J,SI,342,Substantia innominata,,,147632458,56
147633885,M,"[4, 136, 146, 795, 852, 1093, 549009215]",0.6187534584,10290,5610,6820,5,378-1550,C57BL/6J,PRNc,1093,"Pontine reticular nucleus, caudal part",,,147633885,4
157654069,M,"[111, 952, 961]",0.088683385,6040,5570,9350,5,378-1617,C57BL/6J,PIR,961,Piriform area,,,157654069,111
147135812,M,"[206, 574, 679, 931, 1093]",0.35104360235,9690,6260,5680,5,378-1533,C57BL/6J,TRN,574,Tegmental reticular nucleus,,,147135812,206
113369603,M,"[88, 194, 614, 693, 576073704]",0.222526248,6680,6410,6800,5,378-1112,C57BL/6J,LHA,194,Lateral hypothalamic area,,,113369603,88
120437703,M,"[402, 1011, 1027]",0.1135668198,8220,1520,9700,5,378-1208,C57BL/6J,VISal,402,Anterolateral visual area,,,120437703,402
112672974,M,"[502, 843, 918, 926, 1084]",0.3993495296,9350,4720,8830,5,378-1053,C57BL/6J,ENTm,926,"Entorhinal area, medial part, dorsal zone",,,112672974,502
113783321,M,"[56, 72, 266, 351, 564, 1109]",0.0607686632,4730,5090,6270,5,378-1133,C57BL/6J,LSv,266,"Lateral septal nucleus, ventral part",,,113783321,56
126907302,M,"[329, 361, 417, 312782546]",0.6276065824,7460,1530,8220,5,378-1352,C57BL/6J,SSp-bfd,329,"Primary somatosensory area, barrel field",,,126907302,329
277615922,M,"[88, 614, 693, 576073704]",0.1513029742,6570,6370,6250,5,378-1918,C57BL/6J,VMH,693,Ventromedial hypothalamic nucleus,,,277615922,88
112373830,M,"[409, 425, 312782574, 312782628]",0.0784402143,9420,2400,9460,5,378-936,C57BL/6J,VISli,312782574,Laterointermediate area,,,112373830,409
175373569,M,"[56, 351, 672]",0.3286523296,5030,5710,6930,5,378-1799,C57BL/6J,ACB,56,Nucleus accumbens,,,175373569,56
113443572,M,"[159, 952, 961]",0.147868133,3240,5050,7140,5,378-1118,C57BL/6J,AON,159,Anterior olfactory nucleus,,,113443572,159
277714322,M,[385],0.0549243254,8360,900,8230,5,378-1925,C57BL/6J,VISp,385,Primary visual area,,,277714322,385
146078721,M,"[294, 533, 1037]",0.3909360336,8820,1670,7460,5,378-1404,C57BL/6J,SCm,294,"Superior colliculus, motor related",,,146078721,294
158838128,M,"[136, 202, 653, 852, 970, 1048, 1093]",0.7285342736,10560,6110,6280,5,BL/6-3014,C57BL/6J,PRNc,1093,"Pontine reticular nucleus, caudal part",,,158838128,136
157556400,M,"[44, 48, 589, 814, 972]",0.1281030128,3930,3740,6340,5,378-1614,C57BL/6J,ILA,44,Infralimbic area,,,157556400,44
128056535,M,"[202, 225, 765]",0.1466467786,11960,4630,6820,5,378-1329,C57BL/6J,SPIV,225,Spinal vestibular nucleus,,,128056535,202
100141993,M,"[374, 381]",0.2257438036,8660,4990,7350,5,378-799,C57BL/6J,SNr,381,"Substantia nigra, reticular part",,,100141993,374
307137980,M,[385],0.4885201608,8780,1850,8650,5,C57BL/6-152139,C57BL/6J,VISp,385,Primary visual area,,,307137980,385
127223428,M,"[128, 146, 294, 795, 1052, 1093]",0.2751874104,9900,5630,6320,5,378-1290,C57BL/6J,PRNr,146,Pontine reticular nucleus,,,127223428,128
113935990,M,"[295, 319, 403, 536, 639, 647, 780, 1105]",0.7954794848,6680,6220,8270,5,378-1152,C57BL/6J,BMA,319,Basomedial amygdalar nucleus,,,113935990,295
272874417,M,"[15, 149, 362]",0.080714593246875,5980,4220,5430,5,378-1875,C57BL/6J,PVT,149,Paraventricular nucleus of the thalamus,,,272874417,15
114155923,M,"[115, 294, 795, 872]",0.6746911724,9600,3770,5510,5,378-1159,C57BL/6J,PAG,795,Periaqueductal gray,,,114155923,115
147159899,M,"[206, 222, 307, 1048]",0.407225672,11200,6160,5670,5,378-1536,C57BL/6J,GRN,1048,Gigantocellular reticular nucleus,,,147159899,206
180523704,M,"[423, 463]",0.014785660575,7110,2660,8290,5,378-1832,C57BL/6J,CA3,463,Field CA3,,,180523704,423
158841171,M,"[59, 149, 181, 189, 362, 366, 414, 599, 609, 685, 741, 907, 930]",0.3124760968,7300,4470,5680,5,378-1647,C57BL/6J,CM,599,Central medial nucleus of the thalamus,,,158841171,59
304585910,M,[385],0.0894132792,9440,1270,8460,5,C57BL/6-145451,C57BL/6J,VISp,385,Primary visual area,,,304585910,385
272917631,M,"[250, 258]",0.0646296084,5060,3380,6150,5,378-1883,C57BL/6J,LSr,258,"Lateral septal nucleus, rostral (rostroventral) part",,,272917631,250
121146455,M,"[202, 225]",0.2775565996,11580,4820,6780,5,378-1244,C57BL/6J,MV,202,Medial vestibular nucleus,,,121146455,202
309004492,M,"[385, 409, 425]",1.0830299872,9450,2180,8700,5,C57BL/6-155459,C57BL/6J,VISp,385,Primary visual area,,,309004492,385
100141495,M,"[337, 361]",0.1307809314,6420,1220,7190,5,378-696,C57BL/6J,SSp-tr,361,"Primary somatosensory area, trunk",,,100141495,337
100141597,M,"[258, 266, 310, 452, 564]",0.3933468042,5180,4380,5460,5,378-750,C57BL/6J,MS,564,Medial septal nucleus,,,100141597,258
156931568,M,"[59, 149, 186, 362, 483]",0.1206430096375,6410,3720,5690,5,378-1591,C57BL/6J,MD,362,Mediodorsal nucleus of thalamus,,,156931568,59
123662982,M,"[15, 127, 149, 181, 262, 266, 310, 351, 564, 581, 1113]",0.222932870097656,5860,5060,6350,5,378-1251,C57BL/6J,PT,15,Parataenial nucleus,,,123662982,15
112789899,M,"[101, 1049]",0.029890147,10070,5020,8360,5,378-1058,C57BL/6J,VCO,101,Ventral cochlear nucleus,,,112789899,101
112373124,M,"[345, 353, 182305689]",0.0444689455,5180,2240,8860,5,378-935,C57BL/6J,SSp-n,353,"Primary somatosensory area, nose",,,112373124,345
127041832,M,"[83, 136, 235, 307, 395, 978, 1048, 1107]",0.2612090236,12000,7030,6660,5,378-1366,C57BL/6J,GRN,1048,Gigantocellular reticular nucleus,,,127041832,83
120762196,M,"[111, 131, 672]",0.238858634,6920,4920,9510,5,378-1220,C57BL/6J,CP,672,Caudoputamen,,,120762196,111
113166056,M,"[463, 726]",0.1469025488,8800,4530,8300,5,378-1100,C57BL/6J,CA3,463,Field CA3,,,113166056,463
146857301,M,"[952, 961, 966]",0.22726837,6950,5620,9600,5,378-1505,C57BL/6J,PIR,961,Piriform area,,,146857301,952
309113907,M,[385],0.786978808,8740,1460,7850,5,C57BL/6-155460,C57BL/6J,VISp,385,Primary visual area,,,309113907,385
175072215,M,"[345, 353, 672]",0.0807301607,5640,3750,8990,5,378-1778,C57BL/6J,CP,672,Caudoputamen,,,175072215,345
146794439,M,"[7, 96, 101, 202, 209, 217, 225, 781, 867]",0.105910609,10740,4910,7830,5,378-1496,C57BL/6J,PB,867,Parabrachial nucleus,,,146794439,7
273026584,M,"[226, 298, 342, 596]",0.010999384025,5060,6350,6880,5,378-1905,C57BL/6J,SI,342,Substantia innominata,,,273026584,226
120436274,M,[382],0.0936029752,7460,1400,6970,5,378-1210,C57BL/6J,CA1,382,Field CA1,,,120436274,382
158737454,M,"[128, 214, 215, 634, 795, 879, 930]",0.3820821256,7930,3600,6210,5,BL/6-3012,C57BL/6J,MRN,128,Midbrain reticular nucleus,,,158737454,128
272826010,M,"[206, 574, 642, 1048, 1093]",0.057349020575,9890,6330,5670,5,378-1871,C57BL/6J,PRNc,1093,"Pontine reticular nucleus, caudal part",,,272826010,206
126352744,M,"[429, 437, 589508451]",0.2068658284,12670,5210,7610,5,378-1280,C57BL/6J,SPVI,437,"Spinal nucleus of the trigeminal, interpolar part",,,126352744,429
558581415,F,"[843, 926, 1084]",0.019006410325,9580,2930,8540,5,BL/6J-275245,C57BL/6J,PAR,843,Parasubiculum,,,558581415,843
152995635,M,[146],0.006122538975,9600,4980,6540,5,378-1579,C57BL/6J,PRNr,146,Pontine reticular nucleus,,,152995635,146
127089669,M,"[502, 541, 312782574, 312782628, 484682470]",0.3599235808,9070,2210,9650,5,378-1406,C57BL/6J,VISpor,312782628,Postrhinal area,,,127089669,502
126351299,M,"[202, 209, 225]",0.012430132575,11340,4760,7200,5,378-1279,C57BL/6J,SPIV,225,Spinal vestibular nucleus,,,126351299,202
112881858,M,"[1002, 1011, 1018, 1027]",0.1315973792,8300,3460,10150,5,378-1074,C57BL/6J,AUDv,1018,Ventral auditory area,,,112881858,1002
277713580,M,[385],0.0524025845,8250,730,8300,5,378-1924,C57BL/6J,VISp,385,Primary visual area,,,277713580,385
112459547,M,"[131, 295, 536]",0.1665989612,7360,4990,8640,5,378-950,C57BL/6J,CEA,536,Central amygdalar nucleus,,,112459547,131
100147785,M,"[128, 215, 218, 726, 930, 1020, 1029]",0.1759717008,7600,3380,7070,5,378-873,C57BL/6J,PO,1020,Posterior complex of the thalamus,,,100147785,128
273028004,M,"[319, 369, 639, 1105, 182305689]",0.02678636695,6490,6730,8400,5,378-1907,C57BL/6J,BMA,319,Basomedial amygdalar nucleus,,,273028004,319
112167395,M,[726],0.03787178395,8050,2270,7330,5,378-914,C57BL/6J,DG,726,Dentate gyrus,,,112167395,726
113399428,M,"[128, 294]",0.1789335548,8780,3420,7190,5,378-1115,C57BL/6J,MRN,128,Midbrain reticular nucleus,,,113399428,128
127350480,M,"[136, 177, 395, 651, 773, 839, 1098, 1107]",0.3969215404,13000,5840,5690,5,378-1297,C57BL/6J,XII,773,Hypoglossal nucleus,,,127350480,136
307295727,M,"[385, 409, 312782574]",0.5285815808,9270,2310,9350,5,C57BL/6-152140,C57BL/6J,VISl,409,Lateral visual area,,,307295727,385
112424102,M,"[928, 936]",0.0541615277,11680,1630,6710,5,378-948,C57BL/6J,CUL,928,Culmen,,,112424102,928
126116848,M,[918],0.3379054896,9530,5390,10100,5,378-1270,C57BL/6J,ENTl,918,"Entorhinal area, lateral part",,,126116848,918
112458831,M,[672],0.1059788072,5170,2980,6960,5,378-962,C57BL/6J,CP,672,Caudoputamen,,,112458831,672
100148554,M,"[843, 926]",0.017168141025,9780,4260,8640,5,378-901,C57BL/6J,PAR,843,Parasubiculum,,,100148554,843
158374671,M,"[131, 295, 329, 677, 952, 961, 966]",0.8739704288,6590,5610,9330,5,378-1636,C57BL/6J,PIR,961,Piriform area,,,158374671,131
120494729,M,[382],0.012129723375,7480,1860,8270,5,378-1213,C57BL/6J,CA1,382,Field CA1,,,120494729,382
126709328,M,"[136, 203, 225, 437, 651, 852, 1048]",0.6675468352,12150,6140,6310,5,378-1312,C57BL/6J,IRN,136,Intermediate reticular nucleus,,,126709328,136
175018829,M,"[66, 128, 218, 325, 394, 422, 475, 533, 797, 1029, 1044, 560581563, 563807435]",0.8033822832,8320,4390,7510,5,378-1775,C57BL/6J,ZI,797,Zona incerta,,,175018829,66
157549402,M,"[88, 693]",0.090565573,6380,6860,5910,5,378-1611,C57BL/6J,VMH,693,Ventromedial hypothalamic nucleus,,,157549402,88
126862385,M,"[385, 879, 894]",0.203589316,9060,1370,7560,5,378-1349,C57BL/6J,VISp,385,Primary visual area,,,126862385,385
128001349,M,"[294, 302, 879, 894]",0.2849830984,9380,2050,7390,5,378-1324,C57BL/6J,SCm,294,"Superior colliculus, motor related",,,128001349,294
585025284,M,"[985, 993]",0.1709493576,3320,2110,7590,5,C57BL6J-314641,C57BL/6J,MOs,993,Secondary motor area,,,585025284,985
642967852,M,"[918, 312782628]",0.1560871284,9720,3760,9880,5,C57BL6J_OLD-343580,C57BL/6J,ENTl,918,"Entorhinal area, lateral part",,,642967852,918
126843905,M,"[136, 203, 978, 1048]",0.048658715,11870,6200,6360,5,378-1315,C57BL/6J,GRN,1048,Gigantocellular reticular nucleus,,,126843905,136
120438416,M,"[1017, 1025, 1033, 1041]",0.1036357056,11280,4150,8890,5,378-1207,C57BL/6J,PFL,1041,Paraflocculus,,,120438416,1017
170721670,M,"[151, 184, 507, 723, 993]",0.2319124528,2290,3270,7440,5,BL/6-3382,C57BL/6J,ORBl,723,"Orbital area, lateral part",,,170721670,151
119848249,M,[920],0.1819163416,11000,2850,6100,5,378-1196,C57BL/6J,CENT,920,Central lobule,,,119848249,920
273055501,M,"[491, 525, 946, 980]",0.04212598079375,7740,5840,5940,5,378-1891,C57BL/6J,MM,491,Medial mammillary nucleus,,,273055501,491
127397469,M,"[895, 918, 922, 961]",0.311763284,7760,5100,9860,5,378-1300,C57BL/6J,ENTl,918,"Entorhinal area, lateral part",,,127397469,895
307296433,M,"[385, 409]",0.792197112,9460,2030,8460,5,C57BL/6-152141,C57BL/6J,VISp,385,Primary visual area,,,307296433,385
272829745,M,"[12, 128, 197, 214, 591, 634, 749, 795, 975, 549009211]",0.4516627773,8440,4950,5690,5,378-1872,C57BL/6J,PAG,795,Periaqueductal gray,,,272829745,12
113846682,M,"[75, 128, 215, 218, 294, 325, 385, 533, 580, 726, 1029, 563807435]",0.3673236,8390,3010,7610,5,378-1135,C57BL/6J,APN,215,Anterior pretectal nucleus,,,113846682,75
152994878,M,"[502, 918, 484682470]",0.1249695314,9450,4040,9610,5,378-1578,C57BL/6J,SUB,502,Subiculum,,,152994878,502
112514915,M,"[329, 353, 378]",0.302667414,6530,3220,9270,5,378-965,C57BL/6J,SSs,378,Supplemental somatosensory area,,,112514915,329
112595376,M,"[879, 886, 894, 1037]",0.0891643592,8350,1540,6970,5,378-967,C57BL/6J,RSPv,886,"Retrosplenial area, ventral part",,,112595376,879
112229814,M,"[337, 369]",0.1895632424,5830,1520,7640,5,378-928,C57BL/6J,SSp-ul,369,"Primary somatosensory area, upper limb",,,112229814,337
120436988,M,"[48, 250, 258]",0.01526120435,4880,3370,5910,5,378-1209,C57BL/6J,LSc,250,"Lateral septal nucleus, caudal (caudodorsal) part",,,120436988,48
113095845,M,"[422, 685, 725, 733, 797, 563807435]",0.4067441784,7780,4320,7210,5,378-1094,C57BL/6J,ZI,797,Zona incerta,,,113095845,422
147134401,M,"[912, 920]",0.046163239325,11080,4040,6240,5,378-1531,C57BL/6J,CENT,920,Central lobule,,,147134401,912
125830911,M,"[19, 48, 250, 258, 310, 564, 581]",0.268018652825,5510,3250,5690,5,378-1266,C57BL/6J,LSr,258,"Lateral septal nucleus, rostral (rostroventral) part",,,125830911,19
125832322,M,"[295, 319, 647, 780, 1105]",0.3155973184,7330,5900,8430,5,378-1267,C57BL/6J,BMA,319,Basomedial amygdalar nucleus,,,125832322,295
180674463,M,"[30, 38, 63, 88, 118, 133, 194, 347, 351, 515, 523, 797, 576073704]",1.3995057952973,6250,6200,6520,5,378-1837,C57BL/6J,AHN,88,Anterior hypothalamic nucleus,,,180674463,30
112745073,M,[463],0.0477132796,6900,2480,7980,5,378-1056,C57BL/6J,CA3,463,Field CA3,,,112745073,463
114250546,M,"[409, 425, 312782574, 312782628]",0.1308292258,9510,2300,9450,5,378-1162,C57BL/6J,VISl,409,Lateral visual area,,,114250546,409
114249084,M,[647],0.224047404,8130,6670,8390,5,378-1161,C57BL/6J,COAp,647,"Cortical amygdalar area, posterior part",,,114249084,647
112423392,M,"[184, 723, 731, 746, 972, 993]",0.1155556808,2930,2920,6610,5,378-939,C57BL/6J,ORBvl,746,"Orbital area, ventrolateral part",,,112423392,184
112306316,M,"[184, 723, 746]",0.316557444,2790,2980,7050,5,378-929,C57BL/6J,ORBl,723,"Orbital area, lateral part",,,112306316,184
114474520,M,"[4, 128, 294, 533, 580]",0.3442473832,9330,3170,7540,5,378-1180,C57BL/6J,MRN,128,Midbrain reticular nucleus,,,114474520,4
113884251,M,"[262, 629, 718, 733, 1020]",0.2471359492,6040,4540,7300,5,378-1139,C57BL/6J,VAL,629,Ventral anterior-lateral complex of the thalamus,,,113884251,262
127041126,M,"[136, 177, 203, 235, 395, 651, 711, 773, 852, 1048, 1098, 1107]",0.789913712,12220,6710,6870,5,378-1364,C57BL/6J,IRN,136,Intermediate reticular nucleus,,,127041126,136
126852363,M,"[337, 361, 382, 894, 985, 312782546]",0.4138070384,6880,1110,6950,5,378-1342,C57BL/6J,SSp-tr,361,"Primary somatosensory area, trunk",,,126852363,337
147789031,M,"[215, 294, 628, 726, 894, 1061]",0.3048275496,8110,2270,7320,5,378-1558,C57BL/6J,APN,215,Anterior pretectal nucleus,,,147789031,215
100142655,M,"[329, 361, 369, 182305689]",0.1759204272,6920,1660,8020,5,378-850,C57BL/6J,SSp-bfd,329,"Primary somatosensory area, barrel field",,,100142655,329
157063781,M,"[382, 502, 484682470]",0.1179996048,8780,2160,8340,5,378-1610,C57BL/6J,ProS,484682470,Prosubiculum,,,157063781,382
157711748,M,"[44, 731, 972]",0.1376534656,3350,3320,6400,5,378-1622,C57BL/6J,PL,972,Prelimbic area,,,157711748,44
159649643,M,"[1, 118, 194, 491, 525, 830, 946, 980, 1004, 1126]",0.595708198575,7640,6040,5690,5,378-1678,C57BL/6J,PH,946,Posterior hypothalamic nucleus,,,159649643,1
112936582,M,[345],0.1780094736,4470,2700,9140,5,378-1079,C57BL/6J,SSp-m,345,"Primary somatosensory area, mouth",,,112936582,345
112228391,M,"[1, 126, 223, 614, 693, 1004]",0.5114202912,7680,6640,6160,5,378-926,C57BL/6J,TU,614,Tuberal nucleus,,,112228391,1
158314278,M,"[378, 1002, 1011, 1018]",0.3036722472,7720,2650,9460,5,378-1628,C57BL/6J,AUDd,1011,Dorsal auditory area,,,158314278,378
272700063,M,"[146, 534, 1052, 1093, 549009215]",0.1208461912,9790,5290,6640,5,378-1861,C57BL/6J,PRNr,146,Pontine reticular nucleus,,,272700063,146
127138787,M,"[385, 409, 425]",0.202187328,9620,1720,9200,5,378-1407,C57BL/6J,VISp,385,Primary visual area,,,127138787,385
158435116,M,"[723, 746]",0.1098276102,2690,3940,6590,5,378-1641,C57BL/6J,ORBvl,746,"Orbital area, ventrolateral part",,,158435116,723
272918345,M,"[151, 507]",0.0534995034,1840,3320,6950,5,378-1882,C57BL/6J,AOB,151,Accessory olfactory bulb,,,272918345,151
116903230,M,"[1002, 1011, 1018, 1027]",0.0983124044,8170,3200,10390,5,378-1191,C57BL/6J,AUDp,1002,Primary auditory area,,,116903230,1002
141601779,M,"[44, 48, 589, 814]",0.008363394725,3990,4120,6120,5,378-1346,C57BL/6J,DP,814,Dorsal peduncular area,,,141601779,44
120571672,M,"[128, 616, 795]",0.2175316976,10100,3280,6560,5,378-1216,C57BL/6J,PAG,795,Periaqueductal gray,,,120571672,128
128002057,M,"[128, 162, 757, 795, 872, 606826663]",0.06262149683125,9990,3980,5840,5,378-1325,C57BL/6J,PAG,795,Periaqueductal gray,,,128002057,128
120491896,M,[1002],0.0969045854,7760,3170,9630,5,378-1211,C57BL/6J,AUDp,1002,Primary auditory area,,,120491896,1002
114472145,M,"[382, 918, 922]",0.354961684,8980,4730,9730,5,378-1175,C57BL/6J,ENTl,918,"Entorhinal area, lateral part",,,114472145,382
112597496,M,"[44, 589, 731, 814]",0.1204601692,3530,4250,6210,5,378-1007,C57BL/6J,DP,814,Dorsal peduncular area,,,112597496,44
127649713,M,"[63, 88, 173, 194, 262, 332, 347, 693, 797, 576073704]",0.4763482864,6430,6200,6350,5,378-1431,C57BL/6J,AHN,88,Anterior hypothalamic nucleus,,,127649713,63
120874405,M,"[912, 928, 957, 968, 989]",0.0576564477210449,11540,3690,6230,5,378-1234,C57BL/6J,NOD,968,Nodulus (X),,,120874405,912
120761491,M,"[294, 795]",0.3160562328,10030,2530,6350,5,378-1219,C57BL/6J,PAG,795,Periaqueductal gray,,,120761491,294
112458114,M,"[39, 48]",0.1230279064,4290,2330,6120,5,378-949,C57BL/6J,ACAd,39,"Anterior cingulate area, dorsal part",,,112458114,39
112672268,M,"[463, 726]",0.0992758816,9050,3890,8800,5,378-1054,C57BL/6J,DG,726,Dentate gyrus,,,112672268,463
100148143,M,"[382, 463, 726]",0.1143088072,6690,2690,6190,5,378-893,C57BL/6J,DG,726,Dentate gyrus,,,100148143,382
127470271,M,"[194, 210, 364, 491, 525, 685, 797, 946, 980]",0.6611747968,7320,5830,6200,5,378-1301,C57BL/6J,LHA,194,Lateral hypothalamic area,,,127470271,194
127711098,M,"[385, 843, 484682508]",0.02514612135,9860,2770,8370,5,378-1441,C57BL/6J,PAR,843,Parasubiculum,,,127711098,385
158376179,M,"[12, 35, 100, 128, 197, 591, 679, 795, 975]",0.09516701845,9100,5260,5670,5,378-1638,C57BL/6J,PAG,795,Periaqueductal gray,,,158376179,12
112307754,M,"[672, 1022]",0.140029309,6320,3970,8250,5,378-931,C57BL/6J,CP,672,Caudoputamen,,,112307754,672
307593747,M,[385],0.5185301128,9060,1450,7760,5,C57BL/6-154701,C57BL/6J,VISp,385,Primary visual area,,,307593747,385
175158844,M,"[12, 100, 146, 679, 607344830]",0.1226759743125,8880,5500,5690,5,378-1791,C57BL/6J,IPN,100,Interpeduncular nucleus,,,175158844,12
273068974,M,"[83, 136, 235, 307, 395, 429, 978, 1048, 1098]",0.0449489691,13110,5680,6700,5,378-1895,C57BL/6J,MDRN,395,Medullary reticular nucleus,,,273068974,83
127907465,M,"[583, 952, 961]",0.2898555996,4520,5590,8660,5,378-1318,C57BL/6J,PIR,961,Piriform area,,,127907465,583
119846129,M,"[271, 612, 616, 867, 874]",0.3566675112,9650,3620,7940,5,378-1194,C57BL/6J,NLL,612,Nucleus of the lateral lemniscus,,,119846129,271
174361040,M,"[385, 879, 894]",0.1299575452,9790,1150,7230,5,378-1764,C57BL/6J,VISp,385,Primary visual area,,,174361040,385
100149109,M,"[1002, 1011]",0.0734511372,7620,2970,9780,5,378-905,C57BL/6J,AUDp,1002,Primary auditory area,,,100149109,1002
147215105,M,"[395, 429, 437, 1098]",0.2266317816,12550,6710,7450,5,378-1547,C57BL/6J,SPVC,429,"Spinal nucleus of the trigeminal, caudal part",,,147215105,395
100141219,M,[385],0.2042788832,8800,910,8070,5,378-602,C57BL/6J,VISp,385,Primary visual area,,,100141219,385
147706228,M,"[136, 146, 206, 307, 358, 604, 898, 1048, 1093]",0.466865798896875,10480,5540,6250,5,378-1553,C57BL/6J,PRNc,1093,"Pontine reticular nucleus, caudal part",,,147706228,136
272825299,M,"[96, 101]",0.0582355935,10630,5320,8280,5,378-1870,C57BL/6J,VCO,101,Ventral cochlear nucleus,,,272825299,96
277618054,M,"[202, 209, 225, 445, 852]",0.01992012925,11050,5160,7230,5,378-1916,C57BL/6J,MV,202,Medial vestibular nucleus,,,277618054,202
139519496,M,"[378, 1002, 1011]",0.121590462,7680,2700,9710,5,378-1345,C57BL/6J,AUDd,1011,Dorsal auditory area,,,139519496,378
174583904,M,"[128, 214, 215, 382, 422, 502, 634, 706, 795, 879, 886, 930, 484682470]",0.8870400224,7890,3900,6280,5,378-1768,C57BL/6J,MRN,128,Midbrain reticular nucleus,,,174583904,128
640081415,M,"[918, 926, 312782628]",0.1545385912,9860,3900,9760,5,C57BL6J_OLD-343588,C57BL/6J,ENTl,918,"Entorhinal area, lateral part",,,640081415,918
120572378,M,"[12, 100, 128, 197, 525, 749, 795, 946, 975, 549009211, 607344830]",0.6668525836,8610,4950,5600,5,378-1217,C57BL/6J,VTA,749,Ventral tegmental area,,,120572378,12
266585624,M,"[155, 218, 575, 726, 1020]",0.1039510794,7230,3380,6880,5,BL/6-3811,C57BL/6J,LP,218,Lateral posterior nucleus of the thalamus,,,266585624,155
175019536,M,"[127, 181, 186, 189, 262, 362, 366, 599, 629, 685, 797, 886, 907, 1077, 1113, 1120, 560581559]",1.0188094357,6890,4990,5550,5,378-1776,C57BL/6J,RE,181,Nucleus of reuniens,,,175019536,127
127255254,M,"[56, 258, 266]",0.083919017,4240,4920,6340,5,378-1292,C57BL/6J,ACB,56,Nucleus accumbens,,,127255254,56
113368085,M,[4],0.3545705856,10510,2080,7300,5,378-1114,C57BL/6J,IC,4,Inferior colliculus,,,113368085,4
147162736,M,"[15, 149, 181, 258, 266, 310, 452, 564, 581]",0.17544130275,5280,4720,5680,5,378-1539,C57BL/6J,SF,310,Septofimbrial nucleus,,,147162736,15
126523066,M,"[128, 294, 616, 795]",0.6897422672,9640,1630,6770,5,378-1283,C57BL/6J,SCm,294,"Superior colliculus, motor related",,,126523066,128
304564721,M,[385],0.0813999221,8580,980,8610,5,C57BL/6-144799,C57BL/6J,VISp,385,Primary visual area,,,304564721,385
125361005,M,"[194, 292, 342, 403]",0.6084683584,6760,5940,7430,5,378-1255,C57BL/6J,MEA,403,Medial amygdalar nucleus,,,125361005,194
272782668,M,"[385, 879, 894]",0.2356820816,9770,1060,7320,5,378-1867,C57BL/6J,VISp,385,Primary visual area,,,272782668,385
159648854,M,"[651, 711, 839, 1039]",0.095134587953125,13070,5300,5910,5,378-1676,C57BL/6J,NTS,651,Nucleus of the solitary tract,,,159648854,651
121509711,M,"[159, 507]",0.2386232772,2580,5250,6440,5,378-1248,C57BL/6J,AON,159,Anterior olfactory nucleus,,,121509711,159
180981417,M,"[23, 319, 342, 403, 536, 619, 1105]",0.7186325104,6610,5970,7650,5,378-1835,C57BL/6J,MEA,403,Medial amygdalar nucleus,,,180981417,23
158314987,M,"[58, 194, 210, 491, 525, 749, 946, 980]",1.0263311464,8360,6050,5470,5,378-1629,C57BL/6J,MM,491,Medial mammillary nucleus,,,158314987,58
584903636,M,"[985, 993]",0.3371651976,3450,1960,7850,5,C57BL6J-314640,C57BL/6J,MOp,985,Primary motor area,,,584903636,985
304762965,M,[385],0.078968988,8940,1060,8650,5,C57BL/6-144797,C57BL/6J,VISp,385,Primary visual area,,,304762965,385
138058320,M,"[23, 342, 369, 536, 619, 998]",0.2248362648,6000,6650,7620,5,378-1334,C57BL/6J,SI,342,Substantia innominata,,,138058320,23
175142304,M,"[83, 135, 136, 235, 307, 661, 978, 1048, 1069]",1.2155199504,11400,6910,7050,5,378-1784,C57BL/6J,PGRNl,978,"Paragigantocellular reticular nucleus, lateral part",,,175142304,83
175263063,M,"[374, 381]",0.168865662,8830,5210,7190,5,378-1792,C57BL/6J,SNr,381,"Substantia nigra, reticular part",,,175263063,374
120875111,M,"[149, 186, 362, 483, 795]",0.127238629525,6750,3340,5690,5,378-1232,C57BL/6J,PVT,149,Paraventricular nucleus of the thalamus,,,120875111,149
139520203,M,"[39, 48, 993]",0.123935749,5170,1510,5990,5,378-1344,C57BL/6J,ACAv,48,"Anterior cingulate area, ventral part",,,139520203,39
156929391,M,"[100, 128, 146, 231, 238, 574, 591, 679, 757]",0.4448152233,8990,5140,5560,5,378-1588,C57BL/6J,CS,679,Superior central nucleus raphe,,,156929391,100
157550122,M,"[319, 403, 619]",0.1041345648,6280,6610,7780,5,378-1612,C57BL/6J,MEA,403,Medial amygdalar nucleus,,,157550122,319
175374982,M,"[38, 181, 599, 1077, 560581559]",0.2050676754,6130,5490,5670,5,378-1801,C57BL/6J,RE,181,Nucleus of reuniens,,,175374982,38
158916311,M,"[672, 985]",0.2208879232,4490,3910,7880,5,378-1651,C57BL/6J,CP,672,Caudoputamen,,,158916311,672
173206592,M,"[39, 64, 155, 186, 255, 362, 463, 575, 726, 879, 886, 894, 993]",0.2838814608,6260,1630,6390,5,378-1759,C57BL/6J,MD,362,Mediodorsal nucleus of thalamus,,,173206592,39
127255962,M,"[59, 149, 186, 362, 423, 463, 483, 726]",0.242041282,6600,3940,5640,5,378-1293,C57BL/6J,PVT,149,Paraventricular nucleus of the thalamus,,,127255962,59
112307046,M,"[952, 961]",0.1386554568,4540,5540,8590,5,378-930,C57BL/6J,PIR,961,Piriform area,,,112307046,952
125436508,M,"[56, 298, 342, 672, 754]",0.2378757332,4630,7020,7240,5,378-1259,C57BL/6J,SI,342,Substantia innominata,,,125436508,56
125437216,M,"[4, 128, 136, 146, 162, 202, 350, 358, 795, 898, 1048, 1093]",0.1042677174,10400,5790,6380,5,378-1260,C57BL/6J,PRNc,1093,"Pontine reticular nucleus, caudal part",,,125437216,4
272414403,M,"[895, 918, 922, 312782628]",0.31699472,9300,3440,9820,5,378-1860,C57BL/6J,ENTl,918,"Entorhinal area, lateral part",,,272414403,895
100141599,M,"[394, 533]",0.12548312,7900,580,7380,5,378-757,C57BL/6J,VISam,394,Anteromedial visual area,,,100141599,394
272916915,M,"[879, 886, 894]",0.1015541758,8260,1040,6940,5,378-1889,C57BL/6J,RSPd,879,"Retrosplenial area, dorsal part",,,272916915,879
272967913,M,"[155, 218, 1020]",0.02230432715,6790,3300,6960,5,378-1894,C57BL/6J,LD,155,Lateral dorsal nucleus of thalamus,,,272967913,155
180436360,M,"[104, 111, 345, 353, 378, 583, 677, 1057]",1.1352898592,5520,4470,10080,5,378-1827,C57BL/6J,VISC,677,Visceral area,,,180436360,104
124059700,M,"[672, 993]",0.2629579512,4650,2970,6680,5,378-1254,C57BL/6J,CP,672,Caudoputamen,,,124059700,672
112424813,M,[879],0.0305850601,8070,580,6500,5,378-947,C57BL/6J,RSPd,879,"Retrosplenial area, dorsal part",,,112424813,879
100141598,M,"[170, 218]",0.0656355343,7910,3200,7800,5,378-751,C57BL/6J,LGd,170,Dorsal part of the lateral geniculate complex,,,100141598,170
125437921,M,"[136, 307, 978, 1048]",0.1452195164,11300,6770,6360,5,378-1261,C57BL/6J,GRN,1048,Gigantocellular reticular nucleus,,,125437921,136
115958825,M,"[402, 1002, 1011, 1027]",0.2100451248,8150,2510,9640,5,378-1185,C57BL/6J,AUDpo,1027,Posterior auditory area,,,115958825,402
146012184,M,[920],0.008812598396875,10670,3780,5730,5,378-1370,C57BL/6J,CENT,920,Central lobule,,,146012184,920
112372418,M,"[63, 194, 262, 797, 576073704]",0.260423436,6510,5880,6550,5,378-934,C57BL/6J,LHA,194,Lateral hypothalamic area,,,112372418,63
100141473,M,"[329, 378]",0.1835244824,7510,2180,9070,5,378-672,C57BL/6J,SSp-bfd,329,"Primary somatosensory area, barrel field",,,100141473,329
181058463,M,"[83, 135, 136, 235, 307, 661, 852, 978, 1048, 1069]",0.9584429792,11260,6950,6760,5,378-1834,C57BL/6J,PGRNl,978,"Paragigantocellular reticular nucleus, lateral part",,,181058463,83
125801739,M,[1025],0.1711338916,12770,4380,8470,5,378-1264,C57BL/6J,PRM,1025,Paramedian lobule,,,125801739,1025
309372716,M,"[385, 402, 409, 417]",0.9087897504,8740,1590,8140,5,C57BL/6-155461,C57BL/6J,VISp,385,Primary visual area,,,309372716,385
100141780,M,[985],0.1751966776,3920,2280,8020,5,378-795,C57BL/6J,MOp,985,Primary motor area,,,100141780,985
126189322,M,"[135, 136, 203, 437, 445, 852, 978]",0.3389808632,12040,6690,7250,5,378-1277,C57BL/6J,PARN,852,Parvicellular reticular nucleus,,,126189322,135
100142569,M,"[127, 155, 255, 262, 629]",0.1622704188,5840,4010,6970,5,378-825,C57BL/6J,AV,255,Anteroventral nucleus of thalamus,,,100142569,127
158321996,M,"[111, 952, 961]",0.138912942,5940,5260,9470,5,378-1632,C57BL/6J,EPd,952,"Endopiriform nucleus, dorsal part",,,158321996,111
120282354,M,"[131, 295, 536, 672, 1022]",0.3176094348,7020,4850,8690,5,378-1204,C57BL/6J,BLA,295,Basolateral amygdalar nucleus,,,120282354,131
267494468,M,"[186, 362, 726, 879, 886, 930]",0.03557281175,7380,4010,6150,5,BL/6-3826,C57BL/6J,MD,362,Mediodorsal nucleus of thalamus,,,267494468,186
272875838,M,"[149, 186, 362, 483, 726, 886]",0.186676034818286,6580,2700,6100,5,378-1877,C57BL/6J,MD,362,Mediodorsal nucleus of thalamus,,,272875838,149
638314843,M,"[385, 409, 502, 918, 926]",0.2095822316,9410,4990,8830,5,C57BL6J_OLD-339345,C57BL/6J,VISp,385,Primary visual area,,,638314843,385
100140756,M,"[184, 993]",0.1561897932,2290,2450,7160,5,378-557,C57BL/6J,FRP,184,"Frontal pole, cerebral cortex",,,100140756,184
266693274,M,"[128, 422, 741, 879, 886, 930]",0.03537505265,7600,4360,6490,5,BL/6-3825,C57BL/6J,PF,930,Parafascicular nucleus,,,266693274,128
147354242,M,"[128, 214, 215, 502, 634, 706, 795, 879, 886, 930]",0.448957404,7930,3520,6290,5,378-1544,C57BL/6J,MRN,128,Midbrain reticular nucleus,,,147354242,128
100148443,M,"[382, 502, 484682470]",0.0304700522,9010,3100,9450,5,378-894,C57BL/6J,CA1,382,Field CA1,,,100148443,382
127795906,M,"[382, 385, 502, 726, 1037, 484682470]",0.3185791252,8530,2570,7920,5,378-1473,C57BL/6J,SUB,502,Subiculum,,,127795906,382
156872043,M,"[147, 460, 795, 867, 898, 912, 920, 968, 989, 589508455]",0.186401684,11360,3910,6610,5,378-1582,C57BL/6J,PB,867,Parabrachial nucleus,,,156872043,147
125802444,M,"[319, 382, 417, 647, 780]",0.3642994768,7840,5940,8500,5,378-1263,C57BL/6J,COAp,647,"Cortical amygdalar area, posterior part",,,125802444,319
273025166,M,"[181, 189, 362, 366, 414, 599, 685, 741, 1077]",0.0419010237197754,7210,4890,5980,5,378-1902,C57BL/6J,SMT,366,Submedial nucleus of the thalamus,,,273025166,181
129573239,M,"[295, 319, 536, 647, 780, 1105]",0.4352985168,7360,5930,8430,5,378-1331,C57BL/6J,COAp,647,"Cortical amygdalar area, posterior part",,,129573239,295
100141273,M,"[337, 985]",0.2351111336,5590,1390,7460,5,378-671,C57BL/6J,MOp,985,Primary motor area,,,100141273,337
174361746,M,"[111, 378, 677]",0.4499517904,6040,4400,10240,5,378-1763,C57BL/6J,VISC,677,Visceral area,,,174361746,111
147135107,M,"[59, 189, 362, 599, 1120]",0.029631217984375,6590,4440,5690,5,378-1532,C57BL/6J,CM,599,Central medial nucleus of the thalamus,,,147135107,59
147635309,M,"[128, 616, 795, 867, 1052]",0.3710449344,9890,4090,6780,5,378-1551,C57BL/6J,PAG,795,Periaqueductal gray,,,147635309,128
157710335,M,"[184, 993]",0.1254951446,2130,2480,7190,5,378-1623,C57BL/6J,MOs,993,Secondary motor area,,,157710335,184
180916954,M,"[39, 985, 993]",0.5682902792,5070,2170,6610,5,378-1824,C57BL/6J,MOs,993,Secondary motor area,,,180916954,39
100141435,M,"[250, 258, 266, 310, 672]",0.3858661408,5090,4370,6290,5,378-673,C57BL/6J,LSr,258,"Lateral septal nucleus, rostral (rostroventral) part",,,100141435,250
127650431,M,"[928, 989]",0.1853504184,11650,2870,6580,5,378-1440,C57BL/6J,FN,989,Fastigial nucleus,,,127650431,928
272738620,M,"[429, 437]",0.1596212142,12350,5470,7640,5,378-1865,C57BL/6J,SPVI,437,"Spinal nucleus of the trigeminal, interpolar part",,,272738620,429
148964212,M,"[337, 369]",0.03942133545,5850,1430,7660,5,378-1575,C57BL/6J,SSp-ul,369,"Primary somatosensory area, upper limb",,,148964212,337
112162251,M,"[345, 353]",0.1196805792,5370,2870,9240,5,378-913,C57BL/6J,SSp-n,353,"Primary somatosensory area, nose",,,112162251,345
127396051,M,"[128, 218, 325, 422, 475, 726, 1029, 1044, 560581563, 563807435]",0.249448514,8550,4230,7620,5,378-1298,C57BL/6J,PIL,560581563,Posterior intralaminar thalamic nucleus,,,127396051,128
114472860,M,"[88, 133, 272, 347, 515, 523, 576073699]",0.2162678112,5260,6660,5920,5,378-1178,C57BL/6J,MPN,515,Medial preoptic nucleus,,,114472860,88
121145750,M,"[206, 307, 1048]",0.007180406865625,10690,6550,5960,5,378-1245,C57BL/6J,GRN,1048,Gigantocellular reticular nucleus,,,121145750,206
120570964,M,"[672, 1022]",0.1288453236,6980,4290,8860,5,378-1215,C57BL/6J,CP,672,Caudoputamen,,,120570964,672
180435652,M,"[541, 895, 922, 1018]",1.075152512,7860,3740,10390,5,378-1825,C57BL/6J,ECT,895,Ectorhinal area,,,180435652,541
114429338,M,"[382, 423, 463]",0.1998477936,7610,3110,8700,5,378-1183,C57BL/6J,CA3,463,Field CA3,,,114429338,382
127991964,M,"[4, 128, 271, 294, 302, 385, 533, 886]",1.1475400944,8770,1250,7350,5,378-1322,C57BL/6J,MRN,128,Midbrain reticular nucleus,,,127991964,4
115958115,M,"[295, 319, 403, 639, 647, 780, 1105]",0.5985969752,7010,6030,8350,5,378-1189,C57BL/6J,BMA,319,Basomedial amygdalar nucleus,,,115958115,295
146986331,M,"[470, 1031]",0.013761068125,7180,5400,7310,5,378-1513,C57BL/6J,STN,470,Subthalamic nucleus,,,146986331,470
159024474,M,"[135, 136, 203, 235, 395, 429, 437, 852, 978, 1048, 1098, 1107]",1.3054437312,12020,6740,6940,5,378-1661,C57BL/6J,MDRN,395,Medullary reticular nucleus,,,159024474,135
158258062,M,"[1, 88, 118, 194, 223, 614, 693, 830, 946, 1004, 576073704]",1.4650752256,6610,6100,6390,5,378-1627,C57BL/6J,VMH,693,Ventromedial hypothalamic nucleus,,,158258062,1
120280939,M,"[385, 843]",0.0499916571,9880,3420,8560,5,378-1203,C57BL/6J,PAR,843,Parasubiculum,,,120280939,385
146658170,M,"[15, 127, 149, 362, 599, 907, 1113, 1120]",0.213060624,6340,4510,6020,5,378-1483,C57BL/6J,AM,127,Anteromedial nucleus,,,146658170,15
277618762,M,"[4, 128, 147, 202, 217, 280, 350, 358, 534, 867, 898, 1052, 1093]",0.3413075792,10620,4350,6600,5,378-1917,C57BL/6J,MV,202,Medial vestibular nucleus,,,277618762,4
100149969,M,[345],0.19785759,4280,3130,9140,5,378-912,C57BL/6J,SSp-m,345,"Primary somatosensory area, mouth",,,100149969,345
158375425,M,"[155, 170, 218, 361, 463, 718, 733, 1020]",0.099815352,7070,4360,7650,5,378-1637,C57BL/6J,VPM,733,Ventral posteromedial nucleus of the thalamus,,,158375425,155
147212977,M,"[27, 170, 178, 797, 563807439]",0.1507014796,8050,3580,8300,5,378-1542,C57BL/6J,LGv,178,Ventral part of the lateral geniculate complex,,,147212977,27
126860974,M,"[731, 746, 972]",0.282773346165625,2350,3590,6020,5,378-1347,C57BL/6J,ORBm,731,"Orbital area, medial part",,,126860974,731
114400640,M,[1039],0.004262452425,13090,5100,6030,5,378-1182,C57BL/6J,GR,1039,Gracile nucleus,,,114400640,1039
112791318,M,"[337, 369]",0.4286064888,6350,1950,7740,5,378-1060,C57BL/6J,SSp-ll,337,"Primary somatosensory area, lower limb",,,112791318,337
